Market_Name,City,Region,Best_For,Bargaining_Level
Sarojini Nagar,Delhi,North,Western wear & export surplus,Hardcore
Janpath Market,Delhi,North,Tibetan crafts & silver jewelry,High
Lajpat Nagar (Central Market),Delhi,North,Ethnic wear & fabrics,Medium
Chandni Chowk,Delhi,North,Bridal lehengas & wholesale textiles,Hardcore
Bapu Bazar,Jaipur,North,Mojaris & Bandhani textiles,High
Johari Bazar,Jaipur,North,Handmade jewelry & gemstones,Medium
Tripolia Bazar,Jaipur,North,Lac bangles & ironware,Medium
Hazratganj,Lucknow,North,Chikan embroidery & branded stores,Low
Aminabad,Lucknow,North,Footwear & traditional snacks,High
Tibetan Market,Shimla,North,Woolens & handcrafted rugs,Medium
Mall Road,Mussoorie,North,Wooden artifacts & shawls,Medium
Clock Tower Market,Jodhpur,North,Spices & handicrafts,High
Nai Sarak,Jodhpur,North,Tie-and-dye (Bandhej) fabrics,Medium
Sadar Bazar,Delhi,North,Wholesale household items,Hardcore
Karol Bagh,Delhi,North,Electronics & ethnic fashion,Medium
Colaba Causeway,Mumbai,West,Boho fashion & antiques,High
Linking Road,Mumbai,West,Trendy footwear & handbags,High
Fashion Street,Mumbai,West,Export surplus clothing,Hardcore
Crawford Market,Mumbai,West,Home decor & imported sweets,Medium
Zaveri Bazar,Mumbai,West,Gold & silver jewelry,Low
Law Garden Night Market,Ahmedabad,West,Chaniya Cholis & mirror work,High
Dhalgarwad,Ahmedabad,West,Traditional fabrics & silk,High
FC Road,Pune,West,Student fashion & footwear,Medium
Hong Kong Lane,Pune,West,Accessories & gadgets,Medium
Anjuna Flea Market,Goa,West,Hippie clothing & trinkets,Medium
Arpora Night Market,Goa,West,Designer crafts & world food,Low
Tulu-mulu Market,Surat,West,Textiles & diamond jewelry,Medium
Johari Bazar,Indore,West,Jewelry & traditional apparel,Medium
Sarafa Bazar,Indore,West,Night food & silver ornaments,Medium
Main Street (Camp),Pune,West,Western apparel & snacks,Medium
Commercial Street,Bengaluru,South,Fashion & footwear,Medium
Chickpet,Bengaluru,South,Silk sarees & wholesale goods,High
Brigade Road,Bengaluru,South,Branded clothes & accessories,Low
Jayanagar 4th Block,Bengaluru,South,Local fashion & daily essentials,Medium
Pondy Bazar,Chennai,South,Everything (Silk to Mobile),High
T-Nagar (Ranganathan St),Chennai,South,Silk sarees & gold,Hardcore
Sowcarpet,Chennai,South,North-Indian style apparel & lehengas,High
Laad Bazar,Hyderabad,South,Lac bangles & bridal wear,Medium
Charminar Market,Hyderabad,South,Pearls & perfumes (Attar),High
Begum Bazar,Hyderabad,South,Wholesale household goods,Hardcore
Jew Town,Kochi,South,Antiques & spices,Low
Connemara Market,Thiruvananthapuram,South,Spices & household goods,Medium
Devaraja Market,Mysuru,South,Silk & sandalwood products,Medium
M.G. Road,Kochi,South,Branded clothing & textiles,Low
Broadway,Kochi,South,Hardware & affordable fashion,High
Chalakkudi Market,Thrissur,South,Brassware & traditional items,Medium
Avenue Road,Bengaluru,South,Books & stationery,Medium
Kalyan Nagar,Bengaluru,South,Trendy boutique wear,Medium
George Town,Chennai,South,Soft silk & wholesale textiles,Hardcore
Palayam Bazar,Kozhikode,South,Handicrafts & dry fruits,Medium
New Market (Hogg Market),Kolkata,East,Leather bags & sarees,High
Gariahat Market,Kolkata,East,Bengali sarees & home decor,High
College Street,Kolkata,East,Books (largest in India),Medium
Burrabazar,Kolkata,East,Wholesale everything,Hardcore
Hatibagan,Kolkata,East,Pet animals & silk sarees,Medium
Dakshinapan,Kolkata,East,Handlooms from different states,Low
Fancy Bazar,Guwahati,Northeast,Assamese silk & tribal art,High
Police Bazar,Shillong,Northeast,Winter wear & bamboo crafts,Medium
Bara Bazar,Aizawl,Northeast,Mizo handlooms & local produce,Low
Ima Keithel (Mother's Market),Imphal,Northeast,Handicrafts & textiles (Run by women),Medium
Main Market,Gangtok,Northeast,Tea & prayer flags,Low
Nirmal Market,Agartala,Northeast,Cane & bamboo products,Medium
Hong Kong Market,Siliguri,East,Imported gadgets & apparel,High
Paltan Bazar,Guwahati,Northeast,Traditional North-East decor,Medium
Lal Bazar,Gangtok,Northeast,Local organic spices,Medium
Pathergatti,Hyderabad,South,Semi-precious stones,High
Sultan Bazar,Hyderabad,South,Ladies fashion & silverware,High
Mylapore Tank,Chennai,South,Traditional ritual items,Medium
Parrys Corner,Chennai,South,Wholesale paper & plastic,Hardcore
Moore Market,Chennai,South,Antique books & pets,Medium
Dilli Haat,Delhi,North,Artisan handicrafts from all states,Low
Sundar Nagar,Delhi,North,Indian antiques & high-end art,Low
Paharganj Main Bazar,Delhi,North,Leather bags & incense,High
Tibetan Market,Delhi,North,Winter jackets & boots,Medium
Upper Bazar,Ranchi,East,Tribal jewelry & clothes,Medium
Poddar Court,Kolkata,East,Electronics & lighting,Medium
Bapu Market,Raipur,Central,Silk & tribal textiles,Medium
M.G. Road,Indore,West,Western apparel,Medium
Chowk,Bhopal,Central,Velvet purses & silver jewelry,Medium
Ibrahimpura,Bhopal,Central,Embroidered fabrics,High
Sarafa,Gwalior,Central,Jewelry & sweets,Medium
M.G. Road,Chandigarh,North,Phulkari & footwear,Medium
Sector 17 Market,Chandigarh,North,High-end brands & chic fashion,Low
Sector 22 Market,Chandigarh,North,Cheap clothing & electronics,High
Raja Park,Jaipur,North,Modern apparel & street food,Medium
Sojati Gate,Jodhpur,North,Henna (Mehendi) & crafts,Medium
Katra Jaimal Singh,Amritsar,North,Phulkari work & Pagris,Medium
Hall Bazar,Amritsar,North,Juttis & dry fruits,Medium
Lal Chowk,Srinagar,North,Saffron & walnut wood,Medium
Residency Road,Srinagar,North,Handmade carpets & shawls,Low
Mallital,Nainital,North,Candles & woolens,Medium
Barabazar,Shillong,Northeast,Tribal artifacts & local spices,High
Tashi Namgyal Academy Market,Gangtok,Northeast,Curios & souvenirs,Medium
Zunheboto Market,Nagaland,Northeast,Naga beads & tribal shawls,Medium
Naga Bazar,Kohima,Northeast,Tribal gear & local meat,Low
G.S. Road,Guwahati,Northeast,Upscale malls & boutiques,Low
Chowringhee Road,Kolkata,East,Curios & street-side fashion,High
Kote Gate Market,Bikaner,North,Camel leather & Usta art,Medium
Clock Tower,Dehradun,North,Basmati rice & local clothes,Medium
Kaisar Bagh,Lucknow,North,Perfumes & antique books,High
Dadar Flower Market,Mumbai,West,Flowers & puja items,Medium
Chor Bazaar,Mumbai,West,Antiques & vintage goods,High
Zaveri Bazaar,Mumbai,West,Gold & jewelry,Low
Bhuleshwar Market,Mumbai,West,Textiles & puja items,High
Manish Market,Mumbai,West,Gadgets & accessories,Medium
Laad Bazaar,Hyderabad,South,Bangles & pearls,High
Charminar Bazaar,Hyderabad,South,Ittr & traditional wear,High
Begum Bazaar,Hyderabad,South,Wholesale household goods,Medium
Moazzam Jahi Market,Hyderabad,South,Fruits & local snacks,Low
Chickpet Market,Bengaluru,South,Silk sarees & textiles,High
KR Market,Bengaluru,South,Flowers & vegetables,Low
Russell Market,Bengaluru,South,Fresh produce & meats,Low
Pondy Bazaar,Chennai,South,Clothes & footwear,High
T Nagar,Chennai,South,Sarees & gold,Medium
George Town Market,Chennai,South,Wholesale textiles,Medium
Ranganathan Street,Chennai,South,Budget shopping,High
Broadway Market,Kochi,South,Wholesale goods,Medium
Convent Junction,Kochi,South,Street fashion,High
SM Street,Kozhikode,South,Sweets & textiles,Medium
Johari Bazaar,Jaipur,North,Jewelry & gemstones,High
Tripolia Bazaar,Jaipur,North,Lac bangles & brassware,High
Kishanpole Bazaar,Jaipur,North,Textiles & furnishings,Medium
Sadar Bazaar,Agra,North,Leather goods,High
Kinari Bazaar,Delhi,North,Laces & wedding trims,High
Tilak Nagar Market,Delhi,North,Wedding wear,Medium
Sadar Bazaar (Delhi),Delhi,North,Wholesale household goods,Medium
Gaffar Market,Delhi,North,Electronics & mobiles,High
Kamla Nagar Market,Delhi,North,Student fashion,High
Paharganj Main Bazaar,Delhi,North,Backpacks & souvenirs,High
Ima Keithel (Mothers' Market),Imphal,Northeast,Handloom & local produce,Medium
Police Bazaar,Shillong,Northeast,Local crafts & fashion,Medium
Fancy Bazaar,Guwahati,Northeast,Street shopping & accessories,High
Paltan Bazaar,Guwahati,Northeast,Footwear & gadgets,High
New Market,Kolkata,East,Apparel & street food,High
Teritti Bazaar,Kolkata,East,Chinese breakfast market,Low
Ashok Nagar Market,Bhubaneswar,East,Handicrafts & apparel,Medium
Unit-1 Market,Bhubaneswar,East,Local snacks & shopping,Medium
Puri Beach Market,Puri,East,Shell crafts & souvenirs,High
Janpath Market (Bhubaneswar),Bhubaneswar,East,Handloom & crafts,High
Chowk,Lucknow,North,Itr & chikankari,Medium
Hathi Gate,Varanasi,North,Banarasi sarees,Medium
Godowlia Market,Varanasi,North,Silk & brassware,High
Assi Ghat Market,Varanasi,North,Souvenirs,High
Sadar Bazaar,Meerut,North,Sports goods,Medium
Lal Chowk Market,Srinagar,North,Kashmiri shawls,High
Polo View Market,Srinagar,North,Walnut wood crafts,Medium
Raja Sansi Road Market,Amritsar,North,Phulkari & juttis,High
Hall Bazaar,Amritsar,North,Punjabi suits,High
Bapu Bazaar,Udaipur,North,Handicrafts,High
Hathi Pol Bazaar,Udaipur,North,Miniature paintings,High
Sadar Bazaar,Jodhpur,North,Mojaris & handicrafts,High
Bada Bazaar,Jodhpur,North,Textiles,High
Bapu Bazaar,Bikaner,North,Snacks & crafts,Medium
Tibetan Market,Manali,North,Woollens & souvenirs,High
Mall Road Market,Shimla,North,Souvenirs & woollens,Medium
Tibetan Market,Dharamshala,North,Handicrafts,High
Lal Bazaar,Gangtok,Northeast,Organic produce,Low
MG Marg Market,Gangtok,Northeast,Souvenirs,Medium
Mapusa Market,Mapusa,West,Goan spices & souvenirs,Medium
Anjuna Flea Market,Anjuna,West,Boho fashion,High
Panjim Market,Panaji,West,Casual wear,Medium
Arpora Night Market,Arpora,West,Night bazaar & food,Medium
Tulsi Baug,Pune,West,Traditional clothing,High
FC Road Street Shops,Pune,West,Youth fashion,High
Laxmi Road,Pune,West,Sarees & gold,Medium
Sarafa Bazaar,Indore,Central,Street food & jewelry,Medium
Chappal Market,Indore,Central,Footwear,High
Topkhana Market,Indore,Central,Electronics,Medium
New Market,Bhopal,Central,Clothes & eateries,Medium
Chowk Bazaar,Bhopal,Central,Traditional items,High
Itwara Bazaar,Bhopal,Central,Bridal shopping,High
Tibetan Market,Dehradun,North,Woollens & accessories,High
Paltan Bazaar,Dehradun,North,Budget shopping,Medium
Lal Bazaar,Jammu,North,Dry fruits & crafts,Medium
Raghunath Bazaar,Jammu,North,Puja items,Medium
Palika Bazaar,Delhi,North,Accessories & deals,High
Bhadra Fort Market,Ahmedabad,West,Bandhani & crafts,High
Manek Chowk,Ahmedabad,West,Street food & jewelry,Medium
Rani No Hajiro,Ahmedabad,West,Traditional clothing,Medium
Surat Textile Market,Surat,West,Sarees wholesale,Medium
Lal Darwaja,Surat,West,Street shopping,High
Rajwada Market,Indore,Central,Handicrafts,High
Cantonment Market,Allahabad,North,Books & clothes,Medium
Hathwa Market,Patna,East,Handloom & crafts,Medium
Maurya Lok,Patna,East,Shopping complex,Low
Bara Bazaar,Darjeeling,East,Tea & souvenirs,Medium
Mall Road Market,Mussoorie,North,Souvenirs,Medium
Tibetan Market,Nainital,North,Woollens,High
Hazaratganj Street Lanes,Lucknow,North,Antiques & ittar,Medium
Sadar Bazaar,Kanpur,North,Leather & textiles,High
Naya Ganj,Kanpur,North,Wholesale fabrics,Medium
MG Road Market,Pondicherry,South,Handmade soaps & crafts,Medium
White Town Boutiques,Pondicherry,South,Indie labels,Low
Bapuji Nagar Market,Bhubaneswar,East,Footwear,High
Lepakshi Emporium Area,Bengaluru,South,Handicrafts,Medium
Shillong Artisan Mela,Shillong,East,Souvenirs,High
Bengaluru Artisan Mela,Bengaluru,South,Spices & dry fruits,Low
Delhi Craft Bazaar,Delhi,North,Local snacks,Low
Madurai Artisan Mela,Madurai,South,Souvenirs,Low
Indore Craft Bazaar,Indore,Central,Footwear,Hardcore
Hyderabad Night Market,Hyderabad,South,Local snacks,Low
Bhubaneswar Haat,Bhubaneswar,East,Spices & dry fruits,Medium
Bengaluru Night Market,Bengaluru,South,Street fashion,Hardcore
Jabalpur Night Market,Jabalpur,Central,Souvenirs,Medium
Vadodara Artisan Mela,Vadodara,West,Home decor,Medium
Chandigarh Night Market,Chandigarh,North,Souvenirs,High
Ranchi Craft Bazaar,Ranchi,East,Souvenirs,Hardcore
Mumbai Night Market,Mumbai,West,Handloom & crafts,Hardcore
Shillong Handloom Bazaar,Shillong,Northeast,Street fashion,High
Ranchi Haat,Ranchi,East,Footwear,Medium
Raipur Street Market,Raipur,Central,Handloom & crafts,Medium
Raipur Craft Bazaar,Raipur,Central,Handloom & crafts,Low
Nagpur Night Market,Nagpur,Central,Jewelry,Low
Coimbatore Craft Bazaar,Coimbatore,South,Jewelry,Medium
Shillong Street Market,Shillong,East,Spices & dry fruits,Low
Chennai Haat,Chennai,South,Footwear,Medium
Coimbatore Haat,Coimbatore,South,Local snacks,Hardcore
Hyderabad Street Market,Hyderabad,South,Jewelry,High
Jabalpur Street Market,Jabalpur,Central,Local snacks,High
Kohima Artisan Mela,Kohima,Northeast,Spices & dry fruits,Low
